depth,burst_length,num_trials,success_rate,theoretical_max_burst,theory_predicts_success
1,1,500,1.0,1,True
1,2,500,0.0,1,False
1,3,500,0.0,1,False
1,4,500,0.0,1,False
1,5,500,0.0,1,False
1,6,500,0.0,1,False
1,7,500,0.0,1,False
1,8,500,0.0,1,False
1,9,500,0.0,1,False
1,10,500,0.0,1,False
1,11,500,0.0,1,False
1,12,500,0.0,1,False
1,13,500,0.0,1,False
1,14,500,0.0,1,False
1,15,500,0.0,1,False
1,16,500,0.0,1,False
1,17,500,0.0,1,False
1,18,500,0.0,1,False
1,19,500,0.0,1,False
1,20,500,0.0,1,False
2,1,500,1.0,2,True
2,2,500,1.0,2,True
2,3,500,0.0,2,False
2,4,500,0.0,2,False
2,5,500,0.0,2,False
2,6,500,0.0,2,False
2,7,500,0.0,2,False
2,8,500,0.0,2,False
2,9,500,0.0,2,False
2,10,500,0.0,2,False
2,11,500,0.0,2,False
2,12,500,0.0,2,False
2,13,500,0.0,2,False
2,14,500,0.0,2,False
2,15,500,0.0,2,False
2,16,500,0.0,2,False
2,17,500,0.0,2,False
2,18,500,0.0,2,False
2,19,500,0.0,2,False
2,20,500,0.0,2,False
4,1,500,1.0,4,True
4,2,500,1.0,4,True
4,3,500,1.0,4,True
4,4,500,1.0,4,True
4,5,500,0.0,4,False
4,6,500,0.0,4,False
4,7,500,0.0,4,False
4,8,500,0.0,4,False
4,9,500,0.0,4,False
4,10,500,0.0,4,False
4,11,500,0.0,4,False
4,12,500,0.0,4,False
4,13,500,0.0,4,False
4,14,500,0.0,4,False
4,15,500,0.0,4,False
4,16,500,0.0,4,False
4,17,500,0.0,4,False
4,18,500,0.0,4,False
4,19,500,0.0,4,False
4,20,500,0.0,4,False
8,1,500,1.0,8,True
8,2,500,1.0,8,True
8,3,500,1.0,8,True
8,4,500,1.0,8,True
8,5,500,1.0,8,True
8,6,500,1.0,8,True
8,7,500,1.0,8,True
8,8,500,1.0,8,True
8,9,500,0.0,8,False
8,10,500,0.0,8,False
8,11,500,0.0,8,False
8,12,500,0.0,8,False
8,13,500,0.0,8,False
8,14,500,0.0,8,False
8,15,500,0.0,8,False
8,16,500,0.0,8,False
8,17,500,0.0,8,False
8,18,500,0.0,8,False
8,19,500,0.0,8,False
8,20,500,0.0,8,False
16,1,500,1.0,16,True
16,2,500,1.0,16,True
16,3,500,1.0,16,True
16,4,500,1.0,16,True
16,5,500,1.0,16,True
16,6,500,1.0,16,True
16,7,500,1.0,16,True
16,8,500,1.0,16,True
16,9,500,1.0,16,True
16,10,500,1.0,16,True
16,11,500,1.0,16,True
16,12,500,1.0,16,True
16,13,500,1.0,16,True
16,14,500,1.0,16,True
16,15,500,1.0,16,True
16,16,500,1.0,16,True
16,17,500,0.0,16,False
16,18,500,0.0,16,False
16,19,500,0.0,16,False
16,20,500,0.0,16,False
